<?xml version="1.0" encoding="UTF-8"?>
<!--
 ~  Copyright (c) 2017, WSO2 Inc. (http://www.wso2.org) All Rights Reserved.
 ~
 ~  WSO2 Inc. licenses this file to you under the Apache License,
 ~  Version 2.0 (the "License"); you may not use this file except
 ~  in compliance with the License.
 ~  You may obtain a copy of the License at
 ~
 ~    http://www.apache.org/licenses/LICENSE-2.0
 ~
 ~  Unless required by applicable law or agreed to in writing,
 ~  software distributed under the License is distributed on an
 ~  "AS IS" BASIS, WITHOUT WARRANTIES OR CONDITIONS OF ANY
 ~  KIND, either express or implied.  See the License for the
 ~  specific language governing permissions and limitations
 ~  under the License.
-->
<!-- Method Documentation URL: https://cloud.google.com/bigquery/docs/reference/v2/projects/list -->
<template name="listProjects" xmlns="http://ws.apache.org/ns/synapse">
    <parameter name="maxResults" description="The max results per page."/>
    <parameter name="pageToken" description="The page token value."/>
    <sequence>
        <property name="uri.var.maxResults" expression="$func:maxResults"/>
        <property name="uri.var.pageToken" expression="$func:pageToken"/>
        <script language="js">
            <![CDATA[
            var maxResults = mc.getProperty('uri.var.maxResults');
            var pageToken = mc.getProperty('uri.var.pageToken');
            var commonQueryParams = '' + mc.getProperty('uri.var.commonQueryParams');
            var urlQuery = '';
            if (commonQueryParams != null && commonQueryParams != "") {
               urlQuery =  commonQueryParams;
            }
            if (maxResults != null && maxResults != "") {
               urlQuery += "maxResults=" + maxResults +"&";
            }
            if (pageToken != null && pageToken != "") {
               urlQuery += "pageToken=" + pageToken +"&";
            }
            // Add a leading '?' and remove the trailing '&'
            if (urlQuery != "") {
               urlQuery = '?' + urlQuery.toString().substring(0, urlQuery.toString().lastIndexOf("&"));
               mc.setProperty('uri.var.urlQuery', urlQuery);
            }
         ]]>
        </script>
        <call>
            <endpoint>
                <http method="get"
                      uri-template="{+uri.var.apiUrl}/bigquery/v2/projects{+uri.var.urlQuery}"/>
            </endpoint>
        </call>
        <!-- Remove custom Headers from the API Response -->
        <header name="Expires" action="remove" scope="transport"/>
        <header name="Cache-Control" action="remove" scope="transport"/>
        <header name="Alt-Svc" action="remove" scope="transport"/>
        <header name="Alternate-Protocol" action="remove" scope="transport"/>
        <header name="X-Content-Type-Options" action="remove" scope="transport"/>
        <header name="X-Frame-Options" action="remove" scope="transport"/>
        <header name="X-XSS-Protection" action="remove" scope="transport"/>
        <header name="WWW-Authenticate" action="remove" scope="transport"/>
        <header name="Pragma" action="remove" scope="transport"/>
        <header name="Accept-Ranges" action="remove" scope="transport"/>
    </sequence>
</template>