<?xml version="1.0" encoding="UTF-8"?>
<!--
  ~ Copyright (c) 2016, WSO2 Inc. (http://www.wso2.org) All Rights Reserved.
  ~
  ~ WSO2 Inc. licenses this file to you under the Apache License,
  ~ Version 2.0 (the "License"); you may not use this file except
  ~ in compliance with the License.
  ~ You may obtain a copy of the License at
  ~
  ~    http://www.apache.org/licenses/LICENSE-2.0
  ~
  ~ Unless required by applicable law or agreed to in writing,
  ~ software distributed under the License is distributed on an
  ~ "AS IS" BASIS, WITHOUT WARRANTIES OR CONDITIONS OF ANY
  ~ KIND, either express or implied.  See the License for the
  ~ specific language governing permissions and limitations
  ~ under the License.
  -->
<component name="FilesAndFolders" type="synapse/template">
    <subComponents>
        <component name="retrieveFolder">
            <file>retrieveFolder.xml</file>
            <description>Retrieve all folder.</description>
        </component>
        <component name="createFolder">
            <file>createFolder.xml</file>
            <description>Create a folder.</description>
        </component>
        <component name="updateFolder">
            <file>updateFolder.xml</file>
            <description>Update a folder.</description>
        </component>
        <component name="deleteFolder">
            <file>deleteFolder.xml</file>
            <description>Delete a folder.</description>
        </component>
        <component name="retriveAllFilesWithinFolder">
            <file>retriveAllFilesWithinFolder.xml</file>
            <description>Retrieve all of the files in a folder.</description>
        </component>
        <component name="getFile">
            <file>getFile.xml</file>
            <description>Retrieve a specific file.</description>
        </component>
        <component name="createFileWithinFolder">
            <file>createFileWithinFolder.xml</file>
            <description>Create a file and add it to a folder.</description>
        </component>
        <component name="deleteFile">
            <file>deleteFile.xml</file>
            <description>Delete a File.</description>
        </component>
        <component name="updateFileContent">
            <file>updateFileContent.xml</file>
            <description>Update a File Contents.</description>
        </component>
    </subComponents>
</component>


