<?xml version="1.0" encoding="UTF-8"?>
<!--
 ~  Copyright (c) 2016, WSO2 Inc. (http://www.wso2.org) All Rights Reserved.
 ~
 ~  WSO2 Inc. licenses this file to you under the Apache License,
 ~  Version 2.0 (the "License"); you may not use this file except
 ~  in compliance with the License.
 ~  You may obtain a copy of the License at
 ~
 ~    http://www.apache.org/licenses/LICENSE-2.0
 ~
 ~  Unless required by applicable law or agreed to in writing,
 ~  software distributed under the License is distributed on an
 ~  "AS IS" BASIS, WITHOUT WARRANTIES OR CONDITIONS OF ANY
 ~  KIND, either express or implied.  See the License for the
 ~  specific language governing permissions and limitations
 ~  under the License.
-->
        
<!-- Method Documentation URL: https://cloud.google.com/bigquery/docs/reference/v2/tabledata/list -->
<template name="insertAllTableData" xmlns="http://ws.apache.org/ns/synapse">
    <parameter name="datasetId" description="The Id of the dataset which the table is belongs to."/>
    <parameter name="projectId"
               description="The Id of the project which the dataset is belongs to."/>
    <parameter name="tableId" description="The Id of the table."/>
    <parameter name="skipInvalidRows"
               description="Boolean value to check whether the validation of row"/>
    <parameter name="ignoreUnknownValues"
               description="Boolean value to check the validation of the values that match the table schema"/>
    <parameter name="templateSuffix" description="Instance table"/>
    <parameter name="jsonPay" description="A JSON object that contains a row of data"/>
    <sequence>
        <property name="uri.var.datasetId" expression="$func:datasetId"/>
        <property name="uri.var.projectId" expression="$func:projectId"/>
        <property name="uri.var.tableId" expression="$func:tableId"/>
        <property name="uri.var.skipInvalidRows" expression="$func:skipInvalidRows"/>
        <property name="uri.var.ignoreUnknownValues" expression="$func:ignoreUnknownValues"/>
        <property name="uri.var.templateSuffix" expression="$func:templateSuffix"/>
        <property name="uri.var.jsonPay" expression="$func:jsonPay"/>
        <class name="org.wso2.carbon.connector.BigQueryJsonFormatter"/>
        <property name="uri.var.formattedJsonPayload" expression="get-property('uri.var.formattedJsonPay')"/>
        <script language="js">
            <![CDATA[
            var payload = mc.getPayloadJSON();
            var skipInvalidRows = mc.getProperty("uri.var.skipInvalidRows");
            var ignoreUnknownValues = mc.getProperty("uri.var.ignoreUnknownValues");
            var templateSuffix = mc.getProperty("uri.var.templateSuffix");
            if(skipInvalidRows != null && skipInvalidRows != ""){
                payload.skipInvalidRows = skipInvalidRows;
            }
            if(ignoreUnknownValues != null && ignoreUnknownValues != ""){
                payload.ignoreUnknownValues = ignoreUnknownValues;
            }
            if(templateSuffix != null && templateSuffix != ""){
                payload.templateSuffix = templateSuffix;
            }
            mc.setPayloadJSON(payload);
            ]]>
        </script>
        <payloadFactory media-type="json">
            <format>
                {
                "kind": "bigquery#tableDataInsertAllRequest",
                "skipInvalidRows": "$1",
                "ignoreUnknownValues": "$2",
                "templateSuffix": "$3",
                "rows": [
                $4
                ]
                }
            </format>
            <args>
                <arg expression="get-property('uri.var.skipInvalidRows')"/>
                <arg expression="get-property('uri.var.ignoreUnknownValues')"/>
                <arg expression="get-property('uri.var.templateSuffix')"/>
                <arg expression="get-property('uri.var.formattedJsonPayload')"/>
            </args>
        </payloadFactory>
        <property name="messageType" value="application/json" scope="axis2"/>
        <header name="Content-Type" value="application/json" scope="transport"/>
        <header name="Content-Encoding" action="remove" scope="transport"/>
        <call>
            <endpoint>
                <http method="Post"
                      uri-template="{+uri.var.apiUrl}/bigquery/v2/projects/{+uri.var.projectId}/datasets/{+uri.var.datasetId}/tables/{+uri.var.tableId}/insertAll"/>
            </endpoint>
        </call>
        <!-- Remove custom Headers from the API Response -->
        <header name="Expires" action="remove" scope="transport"/>
        <header name="Cache-Control" action="remove" scope="transport"/>
        <header name="Alt-Svc" action="remove" scope="transport"/>
        <header name="Alternate-Protocol" action="remove" scope="transport"/>
        <header name="X-Content-Type-Options" action="remove" scope="transport"/>
        <header name="X-Frame-Options" action="remove" scope="transport"/>
        <header name="X-XSS-Protection" action="remove" scope="transport"/>
        <header name="WWW-Authenticate" action="remove" scope="transport"/>
        <header name="Pragma" action="remove" scope="transport"/>
        <header name="Accept-Ranges" action="remove" scope="transport"/>
    </sequence>
</template>