<?xml version="1.0" encoding="UTF-8"?>
<!--
~  Copyright (c) 2017, WSO2 Inc. (http://www.wso2.org) All Rights Reserved.
~
~  WSO2 Inc. licenses this file to you under the Apache License,
~  Version 2.0 (the "License"); you may not use this file except
~  in compliance with the License.
~  You may obtain a copy of the License at
~
~    http://www.apache.org/licenses/LICENSE-2.0
~
~  Unless required by applicable law or agreed to in writing,
~  software distributed under the License is distributed on an
~  "AS IS" BASIS, WITHOUT WARRANTIES OR CONDITIONS OF ANY
~  KIND, either express or implied.  See the License for the
~  specific language governing permissions and limitations
~  under the License.
-->

<component name="jde-lease" type="synapse/template">
    <subComponents>
        <component name="getAllLeaseDetails">
            <file>getAllLeaseDetails.xml</file>
            <description>Get all lease details</description>
        </component>
        <component name="getLeaseById">
            <file>getLeaseById.xml</file>
            <description>Get lease details using lease id</description>
        </component>
        <component name="createLease">
            <file>createLease.xml</file>
            <description>Create lease</description>
        </component>
        <component name="updateLeaseDetails">
            <file>updateLeaseDetails.xml</file>
            <description>Update lease informations</description>
        </component>
    </subComponents>
</component>