<!--
 ~  Copyright (c) 2017, WSO2 Inc. (http://www.wso2.org) All Rights Reserved.
 ~
 ~  WSO2 Inc. licenses this file to you under the Apache License,
 ~  Version 2.0 (the "License"); you may not use this file except
 ~  in compliance with the License.
 ~  You may obtain a copy of the License at
 ~
 ~    http://www.apache.org/licenses/LICENSE-2.0
 ~
 ~  Unless required by applicable law or agreed to in writing,
 ~  software distributed under the License is distributed on an
 ~  "AS IS" BASIS, WITHOUT WARRANTIES OR CONDITIONS OF ANY
 ~  KIND, either express or implied.  See the License for the
 ~  specific language governing permissions and limitations
 ~  under the License.
-->

<template name="updateLeaseDetails" xmlns="http://ws.apache.org/ns/synapse">
    <parameter name="leaseId" description="Id of the lease"/>
    <parameter name="tenant" description="Id of tenant"/>
    <parameter name="lessee" description="Enter the value that specifies whether the system generates Accounts Receivable (AR) invoices or Accounts Payable (AP) vouchers for the lease."/>
    <sequence>
        <property name="uri.var.leaseId" expression="$func:leaseId"/>
        <property name="uri.var.tenant" expression="$func:tenant"/>
        <property name="uri.var.lessee" expression="$func:lessee"/>
        <call>
            <endpoint>
                <http method="put" uri-template="{+uri.var.apiUrl}/lease/{+uri.var.leaseId}?Tenant={+uri.var.tenant}&amp;Lessee={+uri.var.lessee}"/>
            </endpoint>
        </call>
    </sequence>
</template>