<!--
 ~  Copyright (c) 2017, WSO2 Inc. (http://www.wso2.org) All Rights Reserved.
 ~
 ~  WSO2 Inc. licenses this file to you under the Apache License,
 ~  Version 2.0 (the "License"); you may not use this file except
 ~  in compliance with the License.
 ~  You may obtain a copy of the License at
 ~
 ~    http://www.apache.org/licenses/LICENSE-2.0
 ~
 ~  Unless required by applicable law or agreed to in writing,
 ~  software distributed under the License is distributed on an
 ~  "AS IS" BASIS, WITHOUT WARRANTIES OR CONDITIONS OF ANY
 ~  KIND, either express or implied.  See the License for the
 ~  specific language governing permissions and limitations
 ~  under the License.
-->

<template name="updateSpaceDetails" xmlns="http://ws.apache.org/ns/synapse">
    <parameter name="spaceId" description="Id of the space"/>
    <parameter name="tenant" description="Id of tenant"/>
    <parameter name="lease" description=""/>
    <parameter name="hierarchy" description=""/>
    <sequence>
        <property name="uri.var.spaceId" expression="$func:spaceId"/>
        <property name="uri.var.tenant" expression="$func:tenant"/>
        <property name="uri.var.lease" expression="$func:lease"/>
        <property name="uri.var.hierarchy" expression="$func:hierarchy"/>
        <call>
            <endpoint>
                <http method="put" uri-template="{+uri.var.apiUrl}/space/{+uri.var.spaceId}?Tenant={+uri.var.tenant}&amp;Lease={+uri.var.lease}&amp;Hierarchy={+uri.var.hierarchy}"/>
            </endpoint>
        </call>
    </sequence>
</template>