<!--
 ~  Copyright (c) 2017, WSO2 Inc. (http://www.wso2.org) All Rights Reserved.
 ~
 ~  WSO2 Inc. licenses this file to you under the Apache License,
 ~  Version 2.0 (the "License"); you may not use this file except
 ~  in compliance with the License.
 ~  You may obtain a copy of the License at
 ~
 ~    http://www.apache.org/licenses/LICENSE-2.0
 ~
 ~  Unless required by applicable law or agreed to in writing,
 ~  software distributed under the License is distributed on an
 ~  "AS IS" BASIS, WITHOUT WARRANTIES OR CONDITIONS OF ANY
 ~  KIND, either express or implied.  See the License for the
 ~  specific language governing permissions and limitations
 ~  under the License.
-->

<template name="getBillById" xmlns="http://ws.apache.org/ns/synapse">
    <parameter name="billId" description="Id of the bill"/>
    <sequence>
        <property name="uri.var.billId" expression="$func:billId"/>
        <call>
            <endpoint>
                <http method="get" uri-template="{+uri.var.apiUrl}/bill/{+uri.var.billId}"/>
            </endpoint>
        </call>
    </sequence>
</template>