<?xml version="1.0" encoding="UTF-8"?>
<!--
 ~  Copyright (c) 2016, WSO2 Inc. (http://www.wso2.org) All Rights Reserved.
 ~
 ~  WSO2 Inc. licenses this file to you under the Apache License,
 ~  Version 2.0 (the "License"); you may not use this file except
 ~  in compliance with the License.
 ~  You may obtain a copy of the License at
 ~
 ~    http://www.apache.org/licenses/LICENSE-2.0
 ~
 ~  Unless required by applicable law or agreed to in writing,
 ~  software distributed under the License is distributed on an
 ~  "AS IS" BASIS, WITHOUT WARRANTIES OR CONDITIONS OF ANY
 ~  KIND, either express or implied.  See the License for the
 ~  specific language governing permissions and limitations
 ~  under the License.
-->
<component name="bigquery-config" type="synapse/template">
    <subComponents>
        <component name="init">
            <file>init.xml</file>
            <description>Common method having the configurations applicable to all the business
                methods in the
                Connector.
            </description>
        </component>
        <component name="getAccessTokenFromAuthorizationCode">
            <file>getAccessTokenFromAuthorizationCode.xml</file>
            <description>Get a new access token by negotiating the authorization code along with
                client_secret and
                client_id.
            </description>
        </component>
        <component name="getAccessTokenFromRefreshToken">
            <file>getAccessTokenFromRefreshToken.xml</file>
            <description>Get a new access token by negotiating the refresh token along with
                client_secret and
                client_id.
            </description>
        </component>
        <component name="getAccessTokenFromServiceAccount">
            <file>getAccessTokenFromServiceAccount.xml</file>
            <description>Get an access token from the service account..</description>
        </component>
    </subComponents>
</component>