<?xml version="1.0" encoding="UTF-8"?>
<!--
 ~  Copyright (c) 2017, WSO2 Inc. (http://www.wso2.org) All Rights Reserved.
 ~
 ~  WSO2 Inc. licenses this file to you under the Apache License,
 ~  Version 2.0 (the "License"); you may not use this file except
 ~  in compliance with the License.
 ~  You may obtain a copy of the License at
 ~
 ~    http://www.apache.org/licenses/LICENSE-2.0
 ~
 ~  Unless required by applicable law or agreed to in writing,
 ~  software distributed under the License is distributed on an
 ~  "AS IS" BASIS, WITHOUT WARRANTIES OR CONDITIONS OF ANY
 ~  KIND, either express or implied.  See the License for the
 ~  specific language governing permissions and limitations
 ~  under the License.
-->
<!-- Method Documentation URL: https://developers.google.com/identity/protocols/OAuth2WebServer -->
<template name="getAccessTokenFromRefreshToken" xmlns="http://ws.apache.org/ns/synapse">
    <parameter name="apiUrl" description="Base endpoint URL of BigQuery API."/>
    <parameter name="clientId"
               description="Value of your API Key given when you registered your application with BigQuery."/>
    <parameter name="clientSecret"
               description="Value of your secret key given when you registered your application with BigQuery."/>
    <parameter name="refreshToken" description="value of the refresh token."/>
    <sequence>
        <property name="uri.var.apiUrl" expression="$func:apiUrl"/>
        <property name="uri.var.refreshToken" expression="$func:refreshToken"/>
        <property name="uri.var.clientSecret" expression="$func:clientSecret"/>
        <property name="uri.var.clientId" expression="$func:clientId"/>
        <property name="uri.var.grantType" value="refresh_token"/>
        <payloadFactory media-type="json">
            <format>
                {
                "refresh_token": "$1",
                "grant_type": "$2",
                "client_secret": "$3",
                "client_id": "$4"
                }
            </format>
            <args>
                <arg expression="get-property('uri.var.refreshToken')"/>
                <arg expression="get-property('uri.var.grantType')"/>
                <arg expression="get-property('uri.var.clientSecret')"/>
                <arg expression="get-property('uri.var.clientId')"/>
            </args>
        </payloadFactory>
        <property name="messageType" value="application/x-www-form-urlencoded" scope="axis2"/>
        <call>
            <endpoint>
                <http method="post" uri-template="{+uri.var.apiUrl}/oauth2/v3/token"/>
            </endpoint>
        </call>
        <!-- Setting the new access token to the property. -->
        <property name="uri.var.accessToken" expression="json-eval($.access_token)"/>
        <script language="js">
            <![CDATA[
                importPackage(Packages.org.apache.synapse.config);
                var newAccessToken = mc.getProperty('uri.var.accessToken');
                var newAccessRegistryPath = mc.getProperty('uri.var.accessTokenRegistryPath');
                if(newAccessToken != null && newAccessToken != ''){
                var existingAccessToken =mc.getConfiguration().getRegistry().getResource(newAccessRegistryPath);
                if(existingAccessToken == null){
                // Create the registry entry if no such entry exists.
                mc.getConfiguration().getRegistry().newResource(newAccessRegistryPath,false);
                mc.getConfiguration().getRegistry().updateResource(newAccessRegistryPath,newAccessToken);
                } else {
                // Update the registry entry if it already exists.
                mc.getConfiguration().getRegistry().updateResource(newAccessRegistryPath,newAccessToken);
                }
        }
        ]]>
        </script>
        <!-- store the new accessToken into header. -->
        <header name="Authorization" expression="fn:concat('Bearer ', $ctx:uri.var.accessToken)"
                scope="transport"/>
    </sequence>
</template>
