<?xml version="1.0" encoding="UTF-8"?>
<!--
 ~  Copyright (c) 2017, WSO2 Inc. (http://www.wso2.org) All Rights Reserved.
 ~
 ~  WSO2 Inc. licenses this file to you under the Apache License,
 ~  Version 2.0 (the "License"); you may not use this file except
 ~  in compliance with the License.
 ~  You may obtain a copy of the License at
 ~
 ~    http://www.apache.org/licenses/LICENSE-2.0
 ~
 ~  Unless required by applicable law or agreed to in writing,
 ~  software distributed under the License is distributed on an
 ~  "AS IS" BASIS, WITHOUT WARRANTIES OR CONDITIONS OF ANY
 ~  KIND, either express or implied.  See the License for the
 ~  specific language governing permissions and limitations
 ~  under the License.
-->
<!-- Method Documentation URL: https://developers.google.com/identity/protocols/OAuth2WebServer -->
<template name="getAccessTokenFromAuthorizationCode" xmlns="http://ws.apache.org/ns/synapse">
    <parameter name="apiUrl" description="Base endpoint URL of BigQuery API."/>
    <parameter name="authorizationCode"
               description="Authorization code to be used to obtain the access token."/>
    <parameter name="redirectUrl"
               description="Redirect URL to be used to obtain the access token."/>
    <parameter name="clientId"
               description="Value of your API Key given when you registered your application with BigQuery."/>
    <parameter name="clientSecret"
               description="Value of your secret key given when you registered your application with BigQuery."/>
    <parameter name="registryPath"
               description="Registry Path of the Connector where the values are stored"/>
    <sequence>
        <property name="uri.var.apiUrl" expression="$func:apiUrl"/>
        <property name="uri.var.authorizationCode" expression="$func:authorizationCode"/>
        <property name="uri.var.redirectUrl" expression="$func:redirectUrl"/>
        <property name="uri.var.clientSecret" expression="$func:clientSecret"/>
        <property name="uri.var.clientId" expression="$func:clientId"/>
        <property name="uri.var.registryPath" expression="$func:registryPath"/>
        <property name="uri.var.grantType" value="authorization_code"/>
        <payloadFactory media-type="json">
            <format>
                {
                "code": "$1",
                "grant_type": "$2",
                "redirect_uri": "$3",
                "client_secret": "$4",
                "client_id": "$5"
                }
            </format>
            <args>
                <arg expression="get-property('uri.var.authorizationCode')"/>
                <arg expression="get-property('uri.var.grantType')"/>
                <arg expression="get-property('uri.var.redirectUrl')"/>
                <arg expression="get-property('uri.var.clientSecret')"/>
                <arg expression="get-property('uri.var.clientId')"/>
            </args>
        </payloadFactory>
        <property name="messageType" value="application/x-www-form-urlencoded" scope="axis2"/>
        <call>
            <endpoint>
                <http method="post" uri-template="{+uri.var.apiUrl}/oauth2/v3/token"/>
            </endpoint>
        </call>
        <!-- Setting the access token and refresh token to the property. -->
        <property name="uri.var.accessToken" expression="json-eval($.access_token)"/>
        <property name="uri.var.refreshToken" expression="json-eval($.refresh_token)"/>
        <filter source="boolean($ctx:uri.var.registryPath)" regex="false">
            <then>
                <property name="uri.var.accessTokenRegistryPath"
                          value="connectors/bigquery/accessToken"/>
            </then>
            <else>
                <property name="uri.var.accessTokenRegistryPath"
                          expression="$ctx:uri.var.registryPath"/>
            </else>
        </filter>
        <script language="js">
            <![CDATA[
                importPackage(Packages.org.apache.synapse.config);
                var newAccessToken = mc.getProperty('uri.var.accessToken');
                var newAccessRegistryPath = mc.getProperty('uri.var.accessTokenRegistryPath');
                if(newAccessToken != null && newAccessToken != ''){
                var existingAccessToken =mc.getConfiguration().getRegistry().getResource(newAccessRegistryPath);
                if(existingAccessToken == null){
                // Create the registry entry if no such entry exists.
                mc.getConfiguration().getRegistry().newResource(newAccessRegistryPath,false);
                mc.getConfiguration().getRegistry().updateResource(newAccessRegistryPath,newAccessToken);
                } else {
                // Update the registry entry if it already exists.
                mc.getConfiguration().getRegistry().updateResource(newAccessRegistryPath,newAccessToken);
                }
        }
        ]]>
        </script>
        <!-- Remove custom Headers from the API Response -->
        <header name="Alt-Svc" action="remove" scope="transport"/>
        <header name="Alternate-Protocol" action="remove" scope="transport"/>
        <header name="X-Content-Type-Options" action="remove" scope="transport"/>
        <header name="X-Frame-Options" action="remove" scope="transport"/>
        <header name="X-XSS-Protection" action="remove" scope="transport"/>
        <header name="WWW-Authenticate" action="remove" scope="transport"/>
    </sequence>
</template>