<?xml version="1.0" encoding="UTF-8"?>
<!--
 ~  Copyright (c) 2017, WSO2 Inc. (http://www.wso2.org) All Rights Reserved.
 ~
 ~  WSO2 Inc. licenses this file to you under the Apache License,
 ~  Version 2.0 (the "License"); you may not use this file except
 ~  in compliance with the License.
 ~  You may obtain a copy of the License at
 ~
 ~    http://www.apache.org/licenses/LICENSE-2.0
 ~
 ~  Unless required by applicable law or agreed to in writing,
 ~  software distributed under the License is distributed on an
 ~  "AS IS" BASIS, WITHOUT WARRANTIES OR CONDITIONS OF ANY
 ~  KIND, either express or implied.  See the License for the
 ~  specific language governing permissions and limitations
 ~  under the License.
-->
<!-- Method Documentation URL: https://cloud.google.com/bigquery/docs/reference/v2/tables/get -->
<template name="getTable" xmlns="http://ws.apache.org/ns/synapse">
    <parameter name="datasetId" description="Dataset ID of the requested table."/>
    <parameter name="projectId" description="Project ID of the requested table."/>
    <parameter name="tableId" description="Table ID of the requested table."/>
    <sequence>
        <property name="uri.var.datasetId" expression="$func:datasetId"/>
        <property name="uri.var.projectId" expression="$func:projectId"/>
        <property name="uri.var.tableId" expression="$func:tableId"/>
        <script language="js">
            <![CDATA[
            var commonQueryParams = mc.getProperty('uri.var.commonQueryParams');
            var urlQuery = '';
            if (commonQueryParams != null && commonQueryParams != "") {
               urlQuery +=  commonQueryParams + '&';
            }
            // Add a leading '?' and remove the trailing '&'
            if (urlQuery != "") {
               urlQuery = '?' + urlQuery.toString().substring(0, urlQuery.toString().lastIndexOf("&"));
               mc.setProperty('uri.var.urlQuery', urlQuery);
            }
         ]]>
        </script>
        <call>
            <endpoint>
                <http method="get"
                      uri-template="{uri.var.apiUrl}/bigquery/v2/projects/{uri.var.projectId}/datasets/{uri.var.datasetId}/tables/{uri.var.tableId}{+uri.var.urlQuery}"/>
            </endpoint>
        </call>
        <!-- Remove custom Headers from the API Response -->
        <header name="Expires" action="remove" scope="transport"/>
        <header name="Cache-Control" action="remove" scope="transport"/>
        <header name="Alt-Svc" action="remove" scope="transport"/>
        <header name="Alternate-Protocol" action="remove" scope="transport"/>
        <header name="X-Content-Type-Options" action="remove" scope="transport"/>
        <header name="X-Frame-Options" action="remove" scope="transport"/>
        <header name="X-XSS-Protection" action="remove" scope="transport"/>
        <header name="WWW-Authenticate" action="remove" scope="transport"/>
    </sequence>
</template>